"","HHVEH","freq"
"1",0,7714.23066868
"2",1,34912.54457169
"3",2,40777.28870588
"4",3,17025.540348129
"5",4,8322.3957044
