"HHSIZE","freq"
1,29457.29357973
2,43531.85749131
3,15026.42762479
4,11516.686941699
5,9219.73436125
