"NUMBER_HH","freq"
2,23324.864071918
3,2522.65108387
4,1358.6784945
5,392.0661155
