"District","Work","Univ","Schl"
"CENTRAL",8.50298128689509,8.56975066594559,4.09236296657361
"GrantsPass",5.97274375477316,17.8519942479494,2.15002853956173
"NORTHEAST",6.1831258375643,5.50115548654915,2.30930153320369
"NORTHWEST",4.8539949956994,5.50255010593473,2.3677265390835
"OtherJackson",14.7459968534224,13.1168913384039,6.66740544951499
"OtherJosephine",11.0218176514238,8.45812361202923,5.11966055723906
"SOUTH",7.46296365611194,2.72480223890723,2.74447364700202
"Total",7.28409738608848,6.67736575181727,3.02073033310097
