"PERTYPE","freq"
1,88194.6359139
2,39232.34368161
3,16967.11443602
4,49153.040138657
5,51121.180926119
6,8785.601919379
7,40122.918817158
8,20823.53100104
