"name","value"
"total_population",258431.584675754
"total_households",108751.999998779
"total_tours",295244.860203844
"total_trips",835016.747848844
"total_stops",261069.027820786
"total_vmt",2804608.77732929
